{
    "name": "jui_filter_rules",
    "version": "1.0.7",
    "title": "dataset filter rules jQuery plugin",
    "author": {
        "name": "Christos Pontikis",
        "email": "christos@pontikis.net",
        "url": "http://www.pontikis.net"
    },
    "licenses": [
        {
            "type": "MIT",
            "url": "https://raw.github.com/pontikis/jui_filter_rules/master/MIT_LICENSE"
        }
    ],
    "dependencies": {
        "jquery": ">=1.8"
    },
    "description": "jui_filter_rules is a jQuery plugin, useful to create or set filter rules as JSON object and get the relevant WHERE SQL. Fully configurable. Localization support. Bootstrap support.",
    "homepage": "http://www.pontikis.net/labs/jui_filter_rules",
    "docs": "http://www.pontikis.net/labs/jui_filter_rules/docs",
    "demo": "http://www.pontikis.net/labs/jui_filter_rules/demo",
    "download": "https://github.com/pontikis/jui_filter_rules/archive/master.zip",
    "keywords": [
        "rules",
        "filters",
        "grid",
        "datagrid",
        "database",
        "SQL",
        "ui"
    ],
    "bugs": "https://github.com/pontikis/jui_filter_rules/issues"
}